hunt_code,boundary_id_numeric,boundary_token,resolved_feature_ids
BI6527,615,615,615
BI6538,615,615,615
BI6505,94,94,94
BI6506,94,94,94
BI6529,889,889,889
BI6536,667,667,667
BI6539,94,94,94
BI6500,1,1,1
BI6503,94,94,94
BI6504,94,94,94
BI6516,94,94,94
BI6531,889,889,889
BI6534,667,667,667
BI6535,667,667,667
BI6537,889,889,889
BI6509,94,94,94
BI6528,889,889,889
BI6532,667,667,667
BI1000,900006,SW_BISON_2026,1|94|615|667|889
BR1007,900007,SW_BLACK_BEAR_2026,SW_BLACK_BEAR_2026
BR1000,900007,SW_BLACK_BEAR_2026,SW_BLACK_BEAR_2026
CG9999,900008,SW_COUGAR_2026,SW_COUGAR_2026
DA1011,806,806,806
DA1012,589,589,589
DA1013,533,533,533
DA1050,509,509,509
DB1200,526,526,526
DB1201,526,526,526
DB1202,581,581,581
DB1203,599,599,599
DB1204,559,559,559
DB1205,527,527,527
DB1206,582,582,582
DB1207,575,575,575
DB1208,874,874,874
DB1209,500,500,500
DB1211,510,510,510
DB1212,604,604,604
DB1213,529,529,529
DB1215,598,598,598
DB1216,545,545,545
DB1217,560,560,560
DB1219,732,732,732
DB1222,505,505,505
DB1224,640,640,640
DB1227,606,606,606
DB1228,568,568,568
DB1229,733,733,733
DB1230,554,554,554
DB1231,512,512,512
DB1232,567,567,567
DB1233,520,520,520
DB1234,807,807,807
DB1236,519,519,519
DB1237,522,522,522
DB1238,579,579,579
DB1239,514,514,514
DB1240,806,806,806
DB1241,497,497,497
DB1242,525,525,525
DB1243,530,530,530
DB1244,489,489,489
DB1245,573,573,573
DB1246,577,577,577
DB1248,555,555,555
DB1249,550,550,550
DB1250,495,495,495
DB1251,735,735,735
DB1252,493,493,493
DB1253,549,549,549
DB1255,531,531,531
DB1256,589,589,589
DB1258,484,484,484
DB1259,569,569,569
DB1260,565,565,565
DB1261,551,551,551
DB1263,485,485,485
DB1264,518,518,518
DB1265,572,572,572
DB1266,533,533,533
DB1269,513,513,513
DB1270,503,503,503
DB1271,534,534,534
DB1272,535,535,535
DB1273,504,504,504
DB1274,736,736,736
DB1275,592,592,592
DB1277,501,501,501
DB1279,542,542,542
DB1280,502,502,502
DB1281,496,496,496
DB1282,548,548,548
DB1283,543,543,543
DB1285,740,740,740
DB1286,574,574,574
DB1287,539,539,539
DB1288,541,541,541
DB1289,490,490,490
DB1290,578,578,578
DB1291,585,585,585
DB1292,552,552,552
DB1293,491,491,491
DB1294,741,741,741
DB1295,546,546,546
DB1298,562,562,562
DB1299,547,547,547
DB1300,602,602,602
DB1301,553,553,553
DB1303,492,492,492
DB1304,521,521,521
DB1305,586,586,586
DB1306,499,499,499
DB1308,511,511,511
DB1309,805,805,805
DB1310,488,488,488
DB1312,571,571,571
DB1317,580,580,580
DB1322,826,826,826
DB1323,827,827,827
DB1325,516,516,516
DB1326,856,856,856
DB1327,858,858,858
DB1328,494,494,494
DB1330,876,876,876
DB1331,875,875,875
DB1332,874,874,874
DB1333,878,878,878
DB1334,526,526,526
DB1335,892,892,892
DB1336,890,890,890
DB1337,556,556,556
DB1341,908,908,908
DB1342,905,905,905
DB1347,509,509,509
DB1349,524,524,524
DB1351,923,923,923
DB1058,163,163,163
DB1056,7,7,7
DB1075,7,7,7
DB1118,108,108,108
DB1076,7,7,7
DB0008,900001,DB0008_EXT_ARCH_2026,DB0008_EXT_ARCH_2026
DA1009,169,169,169
DA1027,77,77,77
DA1041,6,6,6
DA1047,895,895,895
DB1531,607,607,607
DB1533,619,619,619
DB1534,616,616,616
DB1536,804,804,804
DB1538,611,611,611
DB1539,617,617,617
DB1540,629,629,629
DB1541,630,630,630
DB1542,615,615,615
DB1543,612,612,612
DB1544,609,609,609
DB1546,634,634,634
DB1547,636,636,636
DB1549,633,633,633
DB1551,618,618,618
DB1552,614,614,614
DB1553,613,613,613
DB1554,625,625,625
DB1555,621,621,621
DB1556,620,620,620
DB1559,635,635,635
DB1591,804,804,804
DB1592,611,611,611
DB1593,615,615,615
DB1594,634,634,634
DB1595,636,636,636
DB1596,633,633,633
DB1597,635,635,635
DB1598,612,612,612
DB1599,69,69,69
DB1601,69,69,69
DB1603,276,276,276
DB1605,276,276,276
DB1607,117,117,117
DB1609,117,117,117
DB1613,685,685,685
DB1619,926,926,926
DB1622,927,927,927
DB1625,925,925,925
DB1631,607,607,607
DA1001,28,28,28
DA1002,28,28,28
DA1003,115,115,115
DA1018,840,840,840
DA1030,11,11,11
DA1031,21,21,21
DA1033,23,23,23
DA1042,23,23,23
DA1045,474,474,474
DA1046,11,11,11
DA1048,910,910,910
DA1049,909,909,909
DB1501,607,607,607
DB1502,29,29,29
DB1503,619,619,619
DB1504,616,616,616
DB1506,804,804,804
DB1508,611,611,611
DB1509,617,617,617
DB1510,629,629,629
DB1511,630,630,630
DB1512,615,615,615
DB1513,612,612,612
DB1514,609,609,609
DB1516,634,634,634
DB1517,636,636,636
DB1518,455,455,455
DB1519,633,633,633
DB1521,618,618,618
DB1522,614,614,614
DB1523,613,613,613
DB1524,625,625,625
DB1525,621,621,621
DB1526,620,620,620
DB1529,635,635,635
DB1600,69,69,69
DB1604,276,276,276
DB1608,117,117,117
DB1611,685,685,685
DB1614,672,672,672
DB1617,926,926,926
DB1620,927,927,927
DB1623,925,925,925
DB1770,607,607,607
DB1771,29,29,29
DB1772,619,619,619
DB1773,616,616,616
DB1775,804,804,804
DB1777,611,611,611
DB1778,617,617,617
DB1779,629,629,629
DB1780,630,630,630
DB1781,615,615,615
DB1782,612,612,612
DB1783,609,609,609
DB1785,634,634,634
DB1786,636,636,636
DB1787,455,455,455
DB1788,633,633,633
DB1790,618,618,618
DB1791,614,614,614
DB1792,613,613,613
DB1793,625,625,625
DB1794,621,621,621
DB1795,620,620,620
DB1798,635,635,635
DB1799,69,69,69
DB1800,276,276,276
DB1801,117,117,117
DB1802,685,685,685
DB1803,672,672,672
DB1804,925,925,925
DB1805,927,927,927
DB1806,926,926,926
DB1561,607,607,607
DB1563,619,619,619
DB1564,616,616,616
DB1566,804,804,804
DB1568,611,611,611
DB1569,617,617,617
DB1570,629,629,629
DB1571,630,630,630
DB1572,615,615,615
DB1573,612,612,612
DB1574,609,609,609
DB1576,634,634,634
DB1577,636,636,636
DB1579,633,633,633
DB1581,618,618,618
DB1582,614,614,614
DB1583,613,613,613
DB1584,625,625,625
DB1585,621,621,621
DB1586,620,620,620
DB1589,635,635,635
DB1602,69,69,69
DB1606,276,276,276
DB1610,117,117,117
DB1612,685,685,685
DB1615,672,672,672
DB1618,926,926,926
DB1621,927,927,927
DB1624,925,925,925
DB1628,29,29,29
DB1630,455,455,455
DB1616,672,672,672
DB1627,29,29,29
DB1629,455,455,455
LO1531,607,607,607
LO1533,619,619,619
LO1534,616,616,616
LO1536,804,804,804
LO1538,611,611,611
LO1539,617,617,617
LO1540,629,629,629
LO1541,630,630,630
LO1542,615,615,615
LO1543,612,612,612
LO1544,609,609,609
LO1546,634,634,634
LO1547,636,636,636
LO1549,633,633,633
LO1551,618,618,618
LO1552,614,614,614
LO1553,613,613,613
LO1554,625,625,625
LO1555,621,621,621
LO1556,620,620,620
LO1559,635,635,635
LO1591,804,804,804
LO1592,611,611,611
LO1593,615,615,615
LO1594,634,634,634
LO1595,636,636,636
LO1596,633,633,633
LO1597,635,635,635
LO1598,612,612,612
LO1599,69,69,69
LO1601,69,69,69
LO1603,276,276,276
LO1605,276,276,276
LO1607,117,117,117
LO1609,117,117,117
LO1613,685,685,685
LO1619,926,926,926
LO1622,927,927,927
LO1625,925,925,925
LO1631,607,607,607
LO1501,607,607,607
LO1502,29,29,29
LO1503,619,619,619
LO1504,616,616,616
LO1506,804,804,804
LO1508,611,611,611
LO1509,617,617,617
LO1510,629,629,629
LO1511,630,630,630
LO1512,615,615,615
LO1513,612,612,612
LO1514,609,609,609
LO1516,634,634,634
LO1517,636,636,636
LO1518,455,455,455
LO1519,633,633,633
LO1521,618,618,618
LO1522,614,614,614
LO1523,613,613,613
LO1524,625,625,625
LO1525,621,621,621
LO1526,620,620,620
LO1529,635,635,635
LO1600,69,69,69
LO1604,276,276,276
LO1608,117,117,117
LO1611,685,685,685
LO1614,672,672,672
LO1617,926,926,926
LO1620,927,927,927
LO1623,925,925,925
LO1561,607,607,607
LO1563,619,619,619
LO1564,616,616,616
LO1566,804,804,804
LO1568,611,611,611
LO1569,617,617,617
LO1570,629,629,629
LO1571,630,630,630
LO1572,615,615,615
LO1573,612,612,612
LO1574,609,609,609
LO1576,634,634,634
LO1577,636,636,636
LO1579,633,633,633
LO1581,618,618,618
LO1582,614,614,614
LO1583,613,613,613
LO1584,625,625,625
LO1585,621,621,621
LO1586,620,620,620
LO1589,635,635,635
LO1602,69,69,69
LO1606,276,276,276
LO1610,117,117,117
LO1612,685,685,685
LO1615,672,672,672
LO1618,926,926,926
LO1621,927,927,927
LO1624,925,925,925
LO1628,29,29,29
LO1630,455,455,455
LO1616,672,672,672
LO1627,29,29,29
LO1629,455,455,455
DB1017,714,714,714
DB1018,15,15,15
DB1019,85,85,85
DB1020,108,108,108
DB1022,185,185,185
DB1023,206,206,206
DB1024,248,248,248
DB1115,928,928,928
DB1119,930,930,930
DB1120,932,932,932
DB1011,7,7,7
DB1012,85,85,85
DB1013,108,108,108
DB1014,185,185,185
DB1015,206,206,206
DB1016,248,248,248
DB1090,301,301,301
DB1091,314,314,314
DB1105,276,276,276
DB1106,632,632,632
DB1116,929,929,929
DB1044,7,7,7
DB1045,85,85,85
DB1046,185,185,185
DB1047,206,206,206
DB1048,248,248,248
DB1025,7,7,7
DB1026,32,32,32
DB1028,804,804,804
DB1029,85,85,85
DB1030,611,611,611
DB1031,108,108,108
DB1032,629,629,629
DB1033,615,615,615
DB1034,636,636,636
DB1037,185,185,185
DB1038,206,206,206
DB1039,613,613,613
DB1040,625,625,625
DB1041,621,621,621
DB1042,248,248,248
DB1043,635,635,635
DB1053,630,630,630
DB1054,609,609,609
DB1055,633,633,633
DB1065,612,612,612
DB1077,607,607,607
DB1078,29,29,29
DB1079,619,619,619
DB1080,616,616,616
DB1081,617,617,617
DB1083,634,634,634
DB1084,455,455,455
DB1085,618,618,618
DB1086,614,614,614
DB1087,620,620,620
DB1100,69,69,69
DB1101,276,276,276
DB1103,117,117,117
DB1107,632,632,632
DB1110,685,685,685
DB1111,672,672,672
DB1112,926,926,926
DB1113,927,927,927
DB1114,925,925,925
DB1109,632,632,632
DB1108,632,632,632
LD1004,163,163,163
LD1019,85,85,85
LD1023,206,206,206
LO0009,206,206,206
LD1001,163,163,163
LO0008,206,206,206
LD1006,163,163,163
LD1108,632,632,632
DB1009,94,94,94
DB1010,163,163,163
DB1121,1,1,1
DB1073,163,163,163
DB1074,163,163,163
DB0009,1,1,1
DB1002,1,1,1
DB1003,94,94,94
DB1004,163,163,163
DB1000,94,94,94
DB1001,163,163,163
DB1007,94,94,94
DB1008,163,163,163
DB1005,94,94,94
DB1006,163,163,163
DB0007,900009,SW_DEER_2026,1|6|7|11|15|21|23|28|29|32|69|77|85|94|108|115|117|163|169|185|206|248|276|301|314|455|474|484|485|488|489|490|491|492|493|494|495|496|497|499|500|501|502|503|504|505|509|510|511|512|513|514|516|518|519|520|521|522|524|525|526|527|529|530|531|533|534|535|539|541|542|543|545|546|547|548|549|550|551|552|553|554|555|556|559|560|562|565|567|568|569|571|572|573|574|575|577|578|579|580|581|582|585|586|589|592|598|599|602|604|606|607|609|611|612|613|614|615|616|617|618|619|620|621|625|629|630|632|633|634|635|636|640|672|685|714|732|733|735|736|740|741|804|805|806|807|826|827|840|856|858|865|866|874|875|876|878|890|892|895|905|908|909|910|923|925|926|927|928|929|930|932
DB0001,866,866,866
DB0004,865,865,865
DB0010,865,865,865
DB0013,865,865,865
DB0002,866,866,866
DB0005,865,865,865
DB0011,865,865,865
DB0003,866,866,866
DB0006,865,865,865
DB0012,865,865,865
DS1002,98,98,98
DS1003,99,99,99
DS1004,193,193,193
DS1006,100,100,100
DS1007,195,195,195
DS6605,305,305,305
DS6600,94,94,94
DS6601,98,98,98
DS6603,100,100,100
DS6604,688,688,688
DS6606,187,187,187
DS6607,190,190,190
DS6608,193,193,193
DS6609,194,194,194
DS6610,195,195,195
DS6611,635,635,635
DS6620,306,306,306
DS6621,305,305,305
DS6622,308,308,308
DS6623,309,309,309
DS6625,10003,10003,10003
DS6626,933,933,933
DS6627,934,934,934
DS6624,193,193,193
EA2000,900002,EA2000_CONTROL_2026,EA2000_CONTROL_2026
EA1118,526,526,526
EA1119,527,527,527
EA1120,582,582,582
EA1121,529,529,529
EA1122,560,560,560
EA1124,732,732,732
EA1125,505,505,505
EA1129,568,568,568
EA1130,516,516,516
EA1131,567,567,567
EA1132,520,520,520
EA1134,522,522,522
EA1135,579,579,579
EA1136,525,525,525
EA1137,530,530,530
EA1138,573,573,573
EA1139,577,577,577
EA1140,555,555,555
EA1141,550,550,550
EA1142,735,735,735
EA1143,549,549,549
EA1145,531,531,531
EA1146,734,734,734
EA1147,484,484,484
EA1149,551,551,551
EA1151,485,485,485
EA1153,535,535,535
EA1156,542,542,542
EA1157,548,548,548
EA1158,517,517,517
EA1159,543,543,543
EA1160,740,740,740
EA1161,539,539,539
EA1162,540,540,540
EA1163,541,541,541
EA1164,576,576,576
EA1165,578,578,578
EA1166,552,552,552
EA1167,491,491,491
EA1168,546,546,546
EA1170,562,562,562
EA1171,547,547,547
EA1172,553,553,553
EA1174,521,521,521
EA1175,586,586,586
EA1177,571,571,571
EA1192,826,826,826
EA1198,575,575,575
EA1200,554,554,554
EA1201,858,858,858
EA1233,599,599,599
EA1234,828,828,828
EA1235,490,490,490
EA1256,556,556,556
EA1257,569,569,569
EA1259,923,923,923
EA1260,808,808,808
EA1261,874,874,874
EA1263,524,524,524
EB3500,526,526,526
EB3501,527,527,527
EB3502,582,582,582
EB3503,575,575,575
EB3504,874,874,874
EB3505,529,529,529
EB3506,560,560,560
EB3508,732,732,732
EB3509,505,505,505
EB3511,640,640,640
EB3514,568,568,568
EB3515,516,516,516
EB3516,567,567,567
EB3517,520,520,520
EB3519,522,522,522
EB3520,579,579,579
EB3521,525,525,525
EB3522,530,530,530
EB3523,573,573,573
EB3524,577,577,577
EB3525,555,555,555
EB3526,550,550,550
EB3527,735,735,735
EB3528,493,493,493
EB3529,549,549,549
EB3530,580,580,580
EB3531,531,531,531
EB3532,734,734,734
EB3533,589,589,589
EB3534,484,484,484
EB3536,551,551,551
EB3538,485,485,485
EB3540,535,535,535
EB3541,736,736,736
EB3543,542,542,542
EB3544,548,548,548
EB3545,517,517,517
EB3546,543,543,543
EB3547,740,740,740
EB3548,539,539,539
EB3549,540,540,540
EB3550,541,541,541
EB3551,576,576,576
EB3552,578,578,578
EB3553,552,552,552
EB3554,491,491,491
EB3555,546,546,546
EB3557,562,562,562
EB3558,547,547,547
EB3559,553,553,553
EB3562,586,586,586
EB3564,571,571,571
EB3565,492,492,492
EB3603,826,826,826
EB3604,554,554,554
EB3606,858,858,858
EB3607,805,805,805
EB3608,599,599,599
EB3610,490,490,490
EB3611,874,874,874
EB3613,556,556,556
EB3614,569,569,569
EB3619,524,524,524
EB3620,923,923,923
EA1180,684,684,684
EA1270,51,51,51
EA1271,633,633,633
EA2041,29,29,29
EA2045,222,222,222
EB3128,867,867,867
EB3209,682,682,682
EX1000,900005,EX1000_EXT_ARCH_2026,EX1000_EXT_ARCH_2026
EA1010,38,38,38
EA1011,39,39,39
EA1012,40,40,40
EA1013,43,43,43
EA1015,45,45,45
EA1017,47,47,47
EA1018,49,49,49
EA1020,55,55,55
EA1021,616,616,616
EA1022,58,58,58
EA1023,862,862,862
EA1024,862,862,862
EA1025,861,861,861
EA1026,69,69,69
EA1030,88,88,88
EA1031,88,88,88
EA1033,611,611,611
EA1035,104,104,104
EA1037,108,108,108
EA1038,617,617,617
EA1039,617,617,617
EA1044,122,122,122
EA1049,438,438,438
EA1054,132,132,132
EA1056,134,134,134
EA1058,135,135,135
EA1063,609,609,609
EA1064,609,609,609
EA1069,634,634,634
EA1073,163,163,163
EA1075,695,695,695
EA1076,697,697,697
EA1077,96,96,96
EA1078,175,175,175
EA1079,698,698,698
EA1080,699,699,699
EA1081,710,710,710
EA1082,710,710,710
EA1084,194,194,194
EA1087,614,614,614
EA1089,206,206,206
EA1090,206,206,206
EA1094,814,814,814
EA1101,625,625,625
EA1106,224,224,224
EA1110,234,234,234
EA1111,238,238,238
EA1112,238,238,238
EA1113,240,240,240
EA1114,480,480,480
EA1117,635,635,635
EA1187,838,838,838
EA1193,38,38,38
EA1196,138,138,138
EA1203,682,682,682
EA1204,682,682,682
EA1206,40,40,40
EA1207,107,107,107
EA1208,616,616,616
EA1209,85,85,85
EA1217,224,224,224
EA1220,51,51,51
EA1221,175,175,175
EA1222,685,685,685
EA1223,685,685,685
EA1224,449,449,449
EA1225,449,449,449
EA1226,107,107,107
EA1228,117,117,117
EA1229,117,117,117
EA1231,116,116,116
EA1236,276,276,276
EA1237,879,879,879
EA1239,277,277,277
EA1240,277,277,277
EA1242,880,880,880
EA1243,880,880,880
EA1244,613,613,613
EA1250,142,142,142
EA1251,893,893,893
EA1254,636,636,636
EA1258,617,617,617
EA1264,921,921,921
EA1265,920,920,920
EA1266,18,18,18
EA1267,29,29,29
EA1269,924,924,924
EA1272,941,941,941
EA1273,140,140,140
EA1276,225,225,225
EA1277,140,140,140
EA1278,938,938,938
EA1279,938,938,938
EA1280,879,879,879
EA1281,438,438,438
EA1285,634,634,634
EA1286,629,629,629
EA2036,86,86,86
EA1085,614,614,614
EA1268,138,138,138
EA1274,140,140,140
EA1282,939,939,939
EA1283,634,634,634
EA2033,611,611,611
EA2034,128,128,128
EA2037,613,613,613
EA2038,222,222,222
EA1060,142,142,142
EA1061,142,142,142
EA1189,448,448,448
EA1245,613,613,613
EA1284,634,634,634
EB1001,900011,SW_ELK_ANYBULL_2026,SW_ELK_ANYBULL_2026
EB1010,900011,SW_ELK_ANYBULL_2026,SW_ELK_ANYBULL_2026
EB1012,900011,SW_ELK_ANYBULL_2026,SW_ELK_ANYBULL_2026
EB1007,900011,SW_ELK_ANYBULL_2026,SW_ELK_ANYBULL_2026
EB1002,900011,SW_ELK_ANYBULL_2026,SW_ELK_ANYBULL_2026
EB1005,900003,EB1005_SPECIAL_2026,EB1005_SPECIAL_2026
EB1003,900012,SW_ELK_SPIKE_2026,SW_ELK_SPIKE_2026
EB1009,900012,SW_ELK_SPIKE_2026,SW_ELK_SPIKE_2026
EB1004,900012,SW_ELK_SPIKE_2026,SW_ELK_SPIKE_2026
EB1011,900004,EB1011_SPECIAL_2026,EB1011_SPECIAL_2026
EB3024,685,685,685
EB3025,685,685,685
EB3028,12,12,12
EB3031,682,682,682
EB3032,33,33,33
EB3033,33,33,33
EB3036,41,41,41
EB3037,41,41,41
EB3038,51,51,51
EB3039,51,51,51
EB3042,88,88,88
EB3043,88,88,88
EB3044,108,108,108
EB3045,617,617,617
EB3046,617,617,617
EB3047,629,629,629
EB3048,629,629,629
EB3049,630,630,630
EB3050,630,630,630
EB3053,140,140,140
EB3056,634,634,634
EB3057,634,634,634
EB3063,175,175,175
EB3064,175,175,175
EB3065,175,175,175
EB3066,183,183,183
EB3067,183,183,183
EB3068,206,206,206
EB3069,206,206,206
EB3072,222,222,222
EB3073,222,222,222
EB3126,51,51,51
EB3127,222,222,222
EB3147,867,867,867
EB3148,172,172,172
EB3149,872,872,872
EB3150,867,867,867
EB3151,172,172,172
EB3152,872,872,872
EB3159,685,685,685
EB3162,899,899,899
EB3163,899,899,899
EB3164,899,899,899
EB3167,12,12,12
EB3169,33,33,33
EB3171,41,41,41
EB3175,901,901,901
EB3176,901,901,901
EB3177,901,901,901
EB3181,88,88,88
EB3183,617,617,617
EB3185,629,629,629
EB3187,630,630,630
EB3189,634,634,634
EB3191,172,172,172
EB3194,183,183,183
EB3196,206,206,206
EB3198,872,872,872
EB3208,117,117,117
EB3210,140,140,140
EB3000,685,685,685
EB3002,12,12,12
EB3003,33,33,33
EB3005,41,41,41
EB3006,51,51,51
EB3008,88,88,88
EB3009,617,617,617
EB3010,629,629,629
EB3011,630,630,630
EB3013,140,140,140
EB3015,634,634,634
EB3018,175,175,175
EB3019,183,183,183
EB3020,206,206,206
EB3022,222,222,222
EB3130,682,682,682
EB3132,36,36,36
EB3135,869,869,869
EB3136,871,871,871
EB3137,241,241,241
EB3139,36,36,36
EB3142,869,869,869
EB3143,871,871,871
EB3144,241,241,241
EB3145,172,172,172
EB3146,872,872,872
EB3158,685,685,685
EB3160,899,899,899
EB3161,899,899,899
EB3168,33,33,33
EB3170,41,41,41
EB3172,51,51,51
EB3173,901,901,901
EB3174,901,901,901
EB3180,88,88,88
EB3182,617,617,617
EB3184,629,629,629
EB3186,630,630,630
EB3188,634,634,634
EB3190,172,172,172
EB3192,175,175,175
EB3193,183,183,183
EB3195,206,206,206
EB3197,872,872,872
EB3199,222,222,222
EB3205,276,276,276
EB3102,685,685,685
EB3104,12,12,12
EB3105,33,33,33
EB3107,41,41,41
EB3108,51,51,51
EB3110,88,88,88
EB3111,617,617,617
EB3112,629,629,629
EB3113,630,630,630
EB3115,140,140,140
EB3117,634,634,634
EB3120,175,175,175
EB3121,183,183,183
EB3122,206,206,206
EB3124,222,222,222
EB3156,172,172,172
EB3157,872,872,872
EB3165,899,899,899
EB3178,901,901,901
EB3077,685,685,685
EB3079,12,12,12
EB3081,33,33,33
EB3083,41,41,41
EB3084,51,51,51
EB3086,88,88,88
EB3087,617,617,617
EB3088,629,629,629
EB3089,630,630,630
EB3091,140,140,140
EB3093,634,634,634
EB3096,175,175,175
EB3097,183,183,183
EB3098,206,206,206
EB3100,222,222,222
EB3153,867,867,867
EB3154,172,172,172
EB3155,872,872,872
EB3166,899,899,899
EB3179,901,901,901
EL3024,685,685,685
EL3025,685,685,685
EL3028,12,12,12
EL3031,682,682,682
EL3032,33,33,33
EL3033,33,33,33
EL3036,41,41,41
EL3037,41,41,41
EL3038,51,51,51
EL3039,51,51,51
EL3042,88,88,88
EL3043,88,88,88
EL3044,108,108,108
EL3045,617,617,617
EL3046,617,617,617
EL3047,629,629,629
EL3048,629,629,629
EL3049,630,630,630
EL3050,630,630,630
EL3053,140,140,140
EL3056,634,634,634
EL3057,634,634,634
EL3063,175,175,175
EL3064,175,175,175
EL3065,175,175,175
EL3066,183,183,183
EL3067,183,183,183
EL3068,206,206,206
EL3069,206,206,206
EL3072,222,222,222
EL3073,222,222,222
EL3126,51,51,51
EL3127,222,222,222
EL3147,867,867,867
EL3148,172,172,172
EL3149,872,872,872
EL3150,867,867,867
EL3151,172,172,172
EL3152,872,872,872
EL3159,685,685,685
EL3162,899,899,899
EL3163,899,899,899
EL3164,899,899,899
EL3167,12,12,12
EL3169,33,33,33
EL3171,41,41,41
EL3175,901,901,901
EL3176,901,901,901
EL3177,901,901,901
EL3181,88,88,88
EL3183,617,617,617
EL3185,629,629,629
EL3187,630,630,630
EL3189,634,634,634
EL3191,172,172,172
EL3194,183,183,183
EL3196,206,206,206
EL3198,872,872,872
EL3208,117,117,117
EL3210,140,140,140
LO0012,206,206,206
LO0013,206,206,206
LO0015,206,206,206
EL3000,685,685,685
EL3002,12,12,12
EL3003,33,33,33
EL3005,41,41,41
EL3006,51,51,51
EL3008,88,88,88
EL3009,617,617,617
EL3010,629,629,629
EL3011,630,630,630
EL3013,140,140,140
EL3015,634,634,634
EL3018,175,175,175
EL3019,183,183,183
EL3020,206,206,206
EL3022,222,222,222
EL3130,682,682,682
EL3132,36,36,36
EL3135,869,869,869
EL3136,871,871,871
EL3137,241,241,241
EL3139,36,36,36
EL3142,869,869,869
EL3143,871,871,871
EL3144,241,241,241
EL3145,172,172,172
EL3146,872,872,872
EL3158,685,685,685
EL3160,899,899,899
EL3161,899,899,899
EL3168,33,33,33
EL3170,41,41,41
EL3172,51,51,51
EL3173,901,901,901
EL3174,901,901,901
EL3180,88,88,88
EL3182,617,617,617
EL3184,629,629,629
EL3186,630,630,630
EL3188,634,634,634
EL3190,172,172,172
EL3192,175,175,175
EL3193,183,183,183
EL3195,206,206,206
EL3197,872,872,872
EL3199,222,222,222
EL3205,276,276,276
LO0011,206,206,206
EL3077,685,685,685
EL3079,12,12,12
EL3081,33,33,33
EL3083,41,41,41
EL3084,51,51,51
EL3086,88,88,88
EL3087,617,617,617
EL3088,629,629,629
EL3089,630,630,630
EL3091,140,140,140
EL3093,634,634,634
EL3096,175,175,175
EL3097,183,183,183
EL3098,206,206,206
EL3100,222,222,222
EL3153,867,867,867
EL3154,172,172,172
EL3155,872,872,872
EL3166,899,899,899
EL3179,901,901,901
LO0014,206,206,206
EA2002,117,117,117
EA2003,276,276,276
EA2004,69,69,69
EA2005,142,142,142
EA2006,613,613,613
EA2008,129,129,129
EA2009,617,617,617
EA2010,710,710,710
EA2011,51,51,51
EA2012,620,620,620
EA2013,227,227,227
EA2014,817,817,817
EA2015,163,163,163
EA2016,616,616,616
EA2017,630,630,630
EA2018,634,634,634
EA2019,116,116,116
EA2020,635,635,635
EA2021,685,685,685
EA2026,18,18,18
EA2027,29,29,29
EA2028,614,614,614
EA2029,277,277,277
EA2030,206,206,206
EA2039,88,88,88
EA2040,611,611,611
EA2046,868,868,868
EB1000,900010,SW_ELK_2026,12|18|29|33|36|38|39|40|41|43|45|47|49|51|55|58|69|85|86|88|96|104|107|108|116|117|122|128|129|132|134|135|138|140|142|163|172|175|183|194|206|222|224|225|227|234|238|240|241|276|277|438|448|449|480|484|485|490|491|492|493|505|516|517|520|521|522|524|525|526|527|529|530|531|535|539|540|541|542|543|546|547|548|549|550|551|552|553|554|555|556|560|562|567|568|569|571|573|575|576|577|578|579|580|582|586|589|599|609|611|613|614|616|617|620|625|629|630|633|634|635|636|640|682|684|685|695|697|698|699|710|732|734|735|736|740|805|808|814|817|826|828|838|858|861|862|867|868|869|871|872|874|879|880|893|899|901|920|921|923|924|931|938|939|941
MA1009,560,560,560
MA1010,568,568,568
MB6201,561,561,561
MB6202,560,560,560
MB6206,568,568,568
MB6208,520,520,520
MB6211,525,525,525
MB6219,578,578,578
MB6222,562,562,562
MB6251,577,577,577
MB6256,571,571,571
MB6258,580,580,580
MB6262,589,589,589
MB6265,556,556,556
MB6266,524,524,524
MA1005,117,117,117
MA1008,937,937,937
MA1007,117,117,117
MB6000,29,29,29
MB6001,69,69,69
MB6002,276,276,276
MB6003,79,79,79
MB6004,611,611,611
MB6005,117,117,117
MB6006,138,138,138
MB6007,289,289,289
MB6008,609,609,609
MB6009,452,452,452
MB6010,613,613,613
MB6011,743,743,743
MB6012,607,607,607
MB1000,900013,SW_MOOSE_2026,29|69|79|117|138|276|289|452|520|524|525|556|560|561|562|568|571|577|578|580|589|607|609|611|613|743|937
GO6800,628,628,628
GO6801,628,628,628
GO6803,616,616,616
GO6804,102,102,102
GO6805,145,145,145
GO6806,146,146,146
GO6807,147,147,147
GO6808,148,148,148
GO6810,157,157,157
GO6813,233,233,233
GO6814,630,630,630
GO6817,617,617,617
GO6818,225,225,225
GO6819,231,231,231
GO6820,200,200,200
GO6821,616,616,616
GO6822,628,628,628
GO1000,900014,SW_MOUNTAIN_GOAT_2026,102|145|146|147|148|157|200|225|231|233|616|617|628|630
PB5300,581,581,581
PB5302,568,568,568
PB5305,603,603,603
PB5306,590,590,590
PB5309,585,585,585
PB5311,509,509,509
PB5312,721,721,721
PB5314,558,558,558
PB5315,537,537,537
PB5325,557,557,557
PB5326,9999,9999,9999
PB5327,824,824,824
PB5328,826,826,826
PB5329,829,829,829
PB5330,806,806,806
PB5337,201,201,201
PB5338,545,545,545
PB5339,876,876,876
PB5342,906,906,906
PB5345,918,918,918
PB5346,589,589,589
PD1031,558,558,558
PD1047,581,581,581
PD1048,509,509,509
PD1049,537,537,537
PD1050,824,824,824
PD1051,826,826,826
PD1052,201,201,201
PD1053,918,918,918
PD1000,27,27,27
PD1012,24,24,24
PD1017,755,755,755
PD1033,110,110,110
PD1034,81,81,81
PD1035,81,81,81
PD1043,882,882,882
PD1044,895,895,895
PD1056,703,703,703
PD1057,873,873,873
PD1058,873,873,873
PD1059,940,940,940
PD1060,940,940,940
PD1054,703,703,703
PD1055,703,703,703
PB5025,628,628,628
PB5026,667,667,667
PB5027,15,15,15
PB5028,24,24,24
PB5029,25,25,25
PB5030,27,27,27
PB5031,755,755,755
PB5033,81,81,81
PB5034,97,97,97
PB5035,688,688,688
PB5037,129,129,129
PB5038,277,277,277
PB5039,138,138,138
PB5040,289,289,289
PB5041,718,718,718
PB5042,636,636,636
PB5044,186,186,186
PB5045,443,443,443
PB5046,194,194,194
PB5047,461,461,461
PB5048,208,208,208
PB5049,625,625,625
PB5050,244,244,244
PB5051,245,245,245
PB5052,246,246,246
PB5073,38,38,38
PB5076,703,703,703
PB5331,453,453,453
PB5000,628,628,628
PB5001,667,667,667
PB5002,15,15,15
PB5003,24,24,24
PB5004,25,25,25
PB5005,27,27,27
PB5006,755,755,755
PB5008,81,81,81
PB5009,688,688,688
PB5011,129,129,129
PB5012,289,289,289
PB5013,636,636,636
PB5015,194,194,194
PB5016,461,461,461
PB5017,208,208,208
PB5018,625,625,625
PB5019,244,244,244
PB5020,245,245,245
PB5021,246,246,246
PB5053,277,277,277
PB5054,718,718,718
PB5055,443,443,443
PB5074,38,38,38
PB5077,703,703,703
PB5332,453,453,453
PB5024,625,625,625
PB5056,194,194,194
PB5059,129,129,129
PB5060,461,461,461
PB5061,718,718,718
PB5062,636,636,636
PB5065,81,81,81
PB5066,289,289,289
PB5072,208,208,208
PB5075,38,38,38
PB5078,703,703,703
PB5079,755,755,755
PB5080,27,27,27
LP5025,628,628,628
LP5031,755,755,755
LP5033,81,81,81
LP5046,194,194,194
LP5049,625,625,625
LP5051,245,245,245
PB1000,900015,SW_PRONGHORN_2026,15|24|25|27|38|81|97|110|129|138|186|194|201|208|244|245|246|277|289|443|453|461|509|537|545|557|558|568|581|585|589|590|603|625|628|636|667|688|703|718|721|755|806|824|826|829|873|876|882|895|906|918|940|9999
RS1001,15,15,15
RS1003,20,20,20
RS1006,821,821,821
RE1000,20,20,20
RS1000,1,1,1
RS6700,1,1,1
RS6701,15,15,15
RS6703,20,20,20
RS6704,20,20,20
RS6708,140,140,140
RS6709,143,143,143
RS6712,821,821,821
RS6713,820,820,820
RS6720,668,668,668
RS6721,75,75,75
RS6724,620,620,620
RS6725,616,616,616
RS6726,668,668,668
RS6722,20,20,20
RS6727,668,668,668
RS0001,900016,SW_RM_BIGHORN_2026,1|15|20|75|140|143|616|620|668|820|821
TK1018,826,826,826
TK1021,807,807,807
TK1012,887,887,887
TK1013,886,886,886
TK1014,888,888,888
TK1015,884,884,884
TK1016,885,885,885
TK1000,454,454,454
TK1003,887,887,887
TK1004,886,886,886
TK1005,888,888,888
TK1006,884,884,884
TK1007,885,885,885
TK1019,900017,SW_TURKEY_MGMT_2026,SW_TURKEY_MGMT_2026
TK1022,900017,SW_TURKEY_MGMT_2026,SW_TURKEY_MGMT_2026
TK1001,900017,SW_TURKEY_MGMT_2026,SW_TURKEY_MGMT_2026
TK1020,900017,SW_TURKEY_MGMT_2026,SW_TURKEY_MGMT_2026
TK0001,454,454,454